Time(s),CH1V,CH2V
-4.920000e-07,1.133333e-04,-2.320000e-04
-4.910000e-07,7.933333e-05,-5.093333e-04
-4.900000e-07,1.473333e-04,-3.600000e-04
-4.890000e-07,1.360000e-04,-1.866667e-05
-4.880000e-07,9.066667e-05,-6.133333e-05
-4.870000e-07,1.586667e-04,-8.506667e-04
-4.860000e-07,2.833333e-04,-8.506667e-04
-4.850000e-07,1.700000e-04,-8.720000e-04
-4.840000e-07,2.493333e-04,-7.440000e-04
-4.830000e-07,2.266667e-05,-2.960000e-04
-4.820000e-07,7.933333e-05,-1.893333e-04
-4.810000e-07,1.473333e-04,4.533333e-05
-4.800000e-07,-1.133333e-05,3.013333e-04
-4.790000e-07,2.266667e-04,-2.106667e-04
-4.780000e-07,2.720000e-04,-2.533333e-04
-4.770000e-07,1.926667e-04,-3.173333e-04
-4.760000e-07,4.080000e-04,-3.813333e-04
-4.750000e-07,2.493333e-04,-8.080000e-04
-4.740000e-07,2.493333e-04,-8.080000e-04
-4.730000e-07,2.266667e-05,-6.160000e-04
-4.720000e-07,1.133333e-05,5.573333e-04
-4.710000e-07,1.020000e-04,4.533333e-05
-4.700000e-07,2.493333e-04,5.146667e-04
-4.690000e-07,0.000000e+00,3.653333e-04
-4.680000e-07,0.000000e+00,3.440000e-04
-4.670000e-07,1.926667e-04,-1.426667e-03
-4.660000e-07,2.266667e-04,-1.021333e-03
-4.650000e-07,7.933333e-05,-8.720000e-04
-4.640000e-07,2.266667e-05,-3.386667e-04
-4.630000e-07,1.133333e-05,-5.306667e-04
-4.620000e-07,7.933333e-05,-1.253333e-04
-4.610000e-07,4.533333e-05,2.373333e-04
-4.600000e-07,1.926667e-04,5.786667e-04
-4.590000e-07,2.946667e-04,-3.813333e-04
-4.580000e-07,3.513333e-04,-6.133333e-05
-4.570000e-07,2.833333e-04,-4.026667e-04
-4.560000e-07,1.360000e-04,-3.386667e-04
-4.550000e-07,1.360000e-04,-9.360000e-04
-4.540000e-07,2.493333e-04,-3.386667e-04
-4.530000e-07,-1.700000e-04,-1.680000e-04
-4.520000e-07,6.800000e-05,6.640000e-04
-4.510000e-07,-1.473333e-04,2.400000e-05
-4.500000e-07,1.020000e-04,4.933333e-04
-4.490000e-07,3.626667e-04,-1.466667e-04
-4.480000e-07,4.193333e-04,-3.386667e-04
-4.470000e-07,2.493333e-04,-7.226667e-04
-4.460000e-07,3.173333e-04,-1.277333e-03
-4.450000e-07,-9.066667e-05,-8.506667e-04
-4.440000e-07,4.533333e-05,-3.813333e-04
-4.430000e-07,-4.533333e-05,-2.746667e-04
-4.420000e-07,1.586667e-04,-2.106667e-04
-4.410000e-07,1.133333e-04,2.800000e-04
-4.400000e-07,2.153333e-04,4.720000e-04
-4.390000e-07,2.493333e-04,-5.093333e-04
-4.380000e-07,1.586667e-04,-7.866666e-04
-4.370000e-07,6.800000e-05,-7.226667e-04
-4.360000e-07,1.700000e-04,-1.042667e-03
-4.350000e-07,1.246667e-04,-1.021333e-03
-4.340000e-07,-4.533333e-05,-4.240000e-04
-4.330000e-07,-1.133333e-05,2.160000e-04
-4.320000e-07,-4.533333e-05,4.293333e-04
-4.310000e-07,3.400000e-05,-6.133333e-05
-4.300000e-07,2.493333e-04,-2.106667e-04
-4.290000e-07,2.153333e-04,-2.960000e-04
-4.280000e-07,3.740000e-04,-9.360000e-04
-4.270000e-07,2.833333e-04,-6.800000e-04
-4.260000e-07,2.833333e-04,-7.440000e-04
-4.250000e-07,-2.266667e-05,-8.933333e-04
-4.240000e-07,1.133333e-05,-6.133333e-05
-4.230000e-07,-3.400000e-05,-1.680000e-04
-4.220000e-07,3.400000e-05,5.573333e-04
-4.210000e-07,4.533333e-05,-1.866667e-05
-4.200000e-07,3.626667e-04,5.360000e-04
-4.190000e-07,1.586667e-04,-7.226667e-04
-4.180000e-07,2.266667e-04,-7.226667e-04
-4.170000e-07,1.133333e-04,-1.405333e-03
-4.160000e-07,1.360000e-04,-7.653334e-04
-4.150000e-07,2.266667e-05,-8.293333e-04
-4.140000e-07,-1.246667e-04,-1.893333e-04
-4.130000e-07,-5.666667e-05,2.586667e-04
-4.120000e-07,2.493333e-04,-8.266667e-05
-4.110000e-07,1.020000e-04,-3.386667e-04
-4.100000e-07,2.380000e-04,-2.960000e-04
-4.090000e-07,-2.266667e-05,-4.453333e-04
-4.080000e-07,2.493333e-04,-8.293333e-04
-4.070000e-07,1.360000e-04,-3.173333e-04
-4.060000e-07,2.720000e-04,-7.013333e-04
-4.050000e-07,-1.133333e-05,-7.866666e-04
-4.040000e-07,-1.246667e-04,-8.266667e-05
-4.030000e-07,-3.400000e-05,-8.266667e-05
-4.020000e-07,2.720000e-04,2.666667e-06
-4.010000e-07,1.020000e-04,8.800000e-05
-4.000000e-07,1.700000e-04,2.586667e-04
-3.990000e-07,3.060000e-04,-6.373333e-04
-3.980000e-07,1.926667e-04,-6.373333e-04
-3.970000e-07,1.473333e-04,-4.453333e-04
-3.960000e-07,1.926667e-04,-5.520000e-04
-3.950000e-07,-1.813333e-04,-7.226667e-04
-3.940000e-07,5.666667e-05,-2.533333e-04
-3.930000e-07,-5.666667e-05,6.666667e-05
-3.920000e-07,4.533333e-05,2.400000e-05
-3.910000e-07,1.473333e-04,8.800000e-05
-3.900000e-07,2.493333e-04,4.533333e-05
-3.890000e-07,3.060000e-04,1.520000e-04
-3.880000e-07,3.060000e-04,-1.866667e-05
-3.870000e-07,2.153333e-04,-7.653334e-04
-3.860000e-07,-1.020000e-04,-1.253333e-04
-3.850000e-07,-1.926667e-04,-7.013333e-04
-3.840000e-07,1.360000e-04,-8.266667e-05
-3.830000e-07,4.533333e-05,-4.880000e-04
-3.820000e-07,1.020000e-04,1.733333e-04
-3.810000e-07,1.586667e-04,-1.253333e-04
-3.800000e-07,2.153333e-04,3.013333e-04
-3.790000e-07,1.700000e-04,-2.960000e-04
-3.780000e-07,2.493333e-04,-3.173333e-04
-3.770000e-07,1.133333e-05,-7.440000e-04
-3.760000e-07,1.586667e-04,-3.813333e-04
-3.750000e-07,1.586667e-04,-7.866666e-04
-3.740000e-07,5.666667e-05,-3.813333e-04
-3.730000e-07,4.533333e-05,-3.813333e-04
-3.720000e-07,7.933333e-05,-2.533333e-04
-3.710000e-07,2.380000e-04,-5.093333e-04
-3.700000e-07,2.833333e-04,-5.520000e-04
-3.690000e-07,1.246667e-04,-1.893333e-04
-3.680000e-07,1.473333e-04,-2.960000e-04
-3.670000e-07,1.700000e-04,-9.360000e-04
-3.660000e-07,7.933333e-05,-4.880000e-04
-3.650000e-07,-6.800000e-05,-7.013333e-04
-3.640000e-07,1.813333e-04,-6.586667e-04
-3.630000e-07,2.040000e-04,-2.320000e-04
-3.620000e-07,2.266667e-04,-5.733334e-04
-3.610000e-07,2.153333e-04,-5.946667e-04
-3.600000e-07,1.473333e-04,-6.133333e-05
-3.590000e-07,-2.266667e-05,-2.320000e-04
-3.580000e-07,1.813333e-04,-3.386667e-04
-3.570000e-07,2.266667e-05,-5.520000e-04
-3.560000e-07,9.066667e-05,-1.893333e-04
-3.550000e-07,-7.933333e-05,-1.021333e-03
-3.540000e-07,-6.800000e-05,-9.360000e-04
-3.530000e-07,7.933333e-05,-2.746667e-04
-3.520000e-07,1.133333e-04,-1.466667e-04
-3.510000e-07,5.666667e-05,-3.386667e-04
-3.500000e-07,2.153333e-04,-8.266667e-05
-3.490000e-07,4.533333e-05,-1.680000e-04
-3.480000e-07,3.060000e-04,-2.960000e-04
-3.470000e-07,1.473333e-04,-6.160000e-04
-3.460000e-07,-5.666667e-05,-7.653334e-04
-3.450000e-07,2.493333e-04,-9.786667e-04
-3.440000e-07,1.926667e-04,-6.586667e-04
-3.430000e-07,5.666667e-05,-7.866666e-04
-3.420000e-07,1.020000e-04,-2.320000e-04
-3.410000e-07,5.666667e-05,5.146667e-04
-3.400000e-07,2.040000e-04,1.306667e-04
-3.390000e-07,1.700000e-04,-2.746667e-04
-3.380000e-07,1.360000e-04,2.400000e-05
-3.370000e-07,4.533333e-05,-6.160000e-04
-3.360000e-07,1.133333e-04,-6.586667e-04
-3.350000e-07,2.153333e-04,-6.800000e-04
-3.340000e-07,1.133333e-04,-9.360000e-04
-3.330000e-07,1.360000e-04,-7.866666e-04
-3.320000e-07,2.266667e-04,-1.866667e-05
-3.310000e-07,1.020000e-04,-2.960000e-04
-3.300000e-07,-1.133333e-05,4.080000e-04
-3.290000e-07,5.666667e-05,2.373333e-04
-3.280000e-07,1.360000e-04,1.946667e-04
-3.270000e-07,1.926667e-04,-7.866666e-04
-3.260000e-07,2.493333e-04,-5.520000e-04
-3.250000e-07,2.266667e-05,-8.720000e-04
-3.240000e-07,4.533333e-05,-3.600000e-04
-3.230000e-07,1.813333e-04,-3.386667e-04
-3.220000e-07,7.933333e-05,2.800000e-04
-3.210000e-07,1.360000e-04,4.720000e-04
-3.200000e-07,1.926667e-04,5.146667e-04
-3.190000e-07,6.800000e-05,-5.520000e-04
-3.180000e-07,1.926667e-04,2.666667e-06
-3.170000e-07,9.066667e-05,-5.093333e-04
-3.160000e-07,1.700000e-04,-3.600000e-04
-3.150000e-07,9.066667e-05,-6.800000e-04
-3.140000e-07,1.133333e-04,-7.653334e-04
-3.130000e-07,7.933333e-05,-1.893333e-04
-3.120000e-07,1.700000e-04,1.946667e-04
-3.110000e-07,1.133333e-05,3.440000e-04
-3.100000e-07,9.066667e-05,6.426667e-04
-3.090000e-07,1.020000e-04,8.800000e-05
-3.080000e-07,9.066667e-05,-6.133333e-05
-3.070000e-07,-9.066667e-05,-1.106667e-03
-3.060000e-07,1.700000e-04,-1.213333e-03
-3.050000e-07,2.606667e-04,-7.013333e-04
-3.040000e-07,2.493333e-04,-3.813333e-04
-3.030000e-07,6.800000e-05,-4.453333e-04
-3.020000e-07,1.360000e-04,2.800000e-04
-3.010000e-07,1.813333e-04,8.986667e-04
-3.000000e-07,2.153333e-04,3.653333e-04
-2.990000e-07,1.133333e-04,-8.080000e-04
-2.980000e-07,1.926667e-04,-9.573333e-04
-2.970000e-07,1.926667e-04,-5.306667e-04
-2.960000e-07,5.666667e-05,-6.586667e-04
-2.950000e-07,1.360000e-04,-9.573333e-04
-2.940000e-07,1.246667e-04,-5.520000e-04
-2.930000e-07,7.933333e-05,-4.000000e-05
-2.920000e-07,9.066667e-05,1.520000e-04
-2.910000e-07,3.400000e-05,-2.960000e-04
-2.900000e-07,-1.133333e-05,1.093333e-04
-2.890000e-07,-1.133333e-04,-6.160000e-04
-2.880000e-07,1.926667e-04,-6.800000e-04
-2.870000e-07,1.700000e-04,-1.042667e-03
-2.860000e-07,1.020000e-04,-8.720000e-04
-2.850000e-07,7.933333e-05,-3.386667e-04
-2.840000e-07,2.833333e-04,-4.666667e-04
-2.830000e-07,2.153333e-04,8.800000e-05
-2.820000e-07,0.000000e+00,6.666667e-05
-2.810000e-07,-9.066667e-05,-1.866667e-05
-2.800000e-07,2.266667e-04,-8.266667e-05
-2.790000e-07,2.493333e-04,-8.933333e-04
-2.780000e-07,1.473333e-04,-7.226667e-04
-2.770000e-07,4.533333e-05,-1.085333e-03
-2.760000e-07,2.380000e-04,-7.013333e-04
-2.750000e-07,5.666667e-05,-6.160000e-04
-2.740000e-07,9.066667e-05,-8.266667e-05
-2.730000e-07,-9.066667e-05,-6.133333e-05
-2.720000e-07,1.586667e-04,3.653333e-04
-2.710000e-07,4.533333e-05,-2.533333e-04
-2.700000e-07,2.380000e-04,-3.386667e-04
-2.690000e-07,1.700000e-04,-4.666667e-04
-2.680000e-07,2.266667e-04,-4.880000e-04
-2.670000e-07,1.586667e-04,-9.573333e-04
-2.660000e-07,2.380000e-04,-5.946667e-04
-2.650000e-07,0.000000e+00,-6.160000e-04
-2.640000e-07,-1.133333e-05,1.306667e-04
-2.630000e-07,2.380000e-04,-4.880000e-04
-2.620000e-07,1.813333e-04,5.146667e-04
-2.610000e-07,2.266667e-05,-1.893333e-04
-2.600000e-07,1.700000e-04,-6.133333e-05
-2.590000e-07,1.360000e-04,-9.360000e-04
-2.580000e-07,2.380000e-04,-5.733334e-04
-2.570000e-07,1.133333e-04,-7.866666e-04
-2.560000e-07,2.266667e-05,-4.453333e-04
-2.550000e-07,1.813333e-04,-4.880000e-04
-2.540000e-07,1.246667e-04,-6.133333e-05
-2.530000e-07,2.266667e-05,-1.680000e-04
-2.520000e-07,2.153333e-04,-1.040000e-04
-2.510000e-07,-1.246667e-04,-6.133333e-05
-2.500000e-07,3.060000e-04,-5.093333e-04
-2.490000e-07,2.493333e-04,-7.653334e-04
-2.480000e-07,3.966667e-04,-5.946667e-04
-2.470000e-07,2.266667e-05,-7.013333e-04
-2.460000e-07,1.020000e-04,-6.133333e-05
-2.450000e-07,2.493333e-04,-1.893333e-04
-2.440000e-07,9.066667e-05,-6.133333e-05
-2.430000e-07,-6.800000e-05,-1.866667e-05
-2.420000e-07,-1.133333e-05,3.866667e-04
-2.410000e-07,5.666667e-05,4.533333e-05
-2.400000e-07,2.493333e-04,-3.386667e-04
-2.390000e-07,1.586667e-04,-5.093333e-04
-2.380000e-07,1.246667e-04,-7.653334e-04
-2.370000e-07,1.020000e-04,-2.320000e-04
-2.360000e-07,9.066667e-05,4.533333e-05
-2.350000e-07,-1.133333e-05,1.946667e-04
-2.340000e-07,1.133333e-04,-2.746667e-04
-2.330000e-07,1.360000e-04,-4.000000e-05
-2.320000e-07,2.720000e-04,5.786667e-04
-2.310000e-07,1.700000e-04,-4.026667e-04
-2.300000e-07,1.700000e-04,-4.880000e-04
-2.290000e-07,7.933333e-05,-6.160000e-04
-2.280000e-07,2.720000e-04,2.400000e-05
-2.270000e-07,5.666667e-05,-1.042667e-03
-2.260000e-07,2.266667e-05,-7.440000e-04
-2.250000e-07,2.266667e-05,-1.253333e-04
-2.240000e-07,0.000000e+00,-1.893333e-04
-2.230000e-07,1.586667e-04,-8.080000e-04
-2.220000e-07,1.926667e-04,-2.533333e-04
-2.210000e-07,-2.266667e-05,-6.373333e-04
-2.200000e-07,2.720000e-04,-8.266667e-05
-2.190000e-07,-1.133333e-05,-5.733334e-04
-2.180000e-07,7.933333e-05,2.400000e-05
-2.170000e-07,1.133333e-05,-2.533333e-04
-2.160000e-07,1.133333e-04,-2.320000e-04
-2.150000e-07,2.153333e-04,-2.533333e-04
-2.140000e-07,2.380000e-04,-1.893333e-04
-2.130000e-07,1.133333e-04,-1.866667e-05
-2.120000e-07,1.133333e-05,1.946667e-04
-2.110000e-07,1.700000e-04,-8.080000e-04
-2.100000e-07,1.133333e-04,-7.653334e-04
-2.090000e-07,-6.800000e-05,-3.600000e-04
-2.080000e-07,1.133333e-04,-6.373333e-04
-2.070000e-07,1.133333e-04,-4.240000e-04
-2.060000e-07,1.586667e-04,-6.373333e-04
-2.050000e-07,1.586667e-04,-1.253333e-04
-2.040000e-07,-1.133333e-05,-6.133333e-05
-2.030000e-07,5.666667e-05,-2.746667e-04
-2.020000e-07,2.266667e-04,-3.386667e-04
-2.010000e-07,3.513333e-04,-4.453333e-04
-2.000000e-07,1.473333e-04,-5.093333e-04
-1.990000e-07,-1.133333e-04,-5.306667e-04
-1.980000e-07,1.700000e-04,-5.520000e-04
-1.970000e-07,1.586667e-04,-3.386667e-04
-1.960000e-07,2.833333e-04,-1.893333e-04
-1.950000e-07,2.153333e-04,-5.946667e-04
-1.940000e-07,1.700000e-04,1.520000e-04
-1.930000e-07,1.586667e-04,2.400000e-05
-1.920000e-07,1.133333e-05,3.013333e-04
-1.910000e-07,1.586667e-04,-3.600000e-04
-1.900000e-07,1.020000e-04,-7.226667e-04
-1.890000e-07,7.933333e-05,-5.093333e-04
-1.880000e-07,1.926667e-04,-4.240000e-04
-1.870000e-07,-2.266667e-05,-1.021333e-03
-1.860000e-07,2.946667e-04,-3.813333e-04
-1.850000e-07,1.133333e-04,-8.266667e-05
-1.840000e-07,1.020000e-04,1.733333e-04
-1.830000e-07,-9.066667e-05,3.440000e-04
-1.820000e-07,2.266667e-05,4.533333e-05
-1.810000e-07,2.266667e-05,-3.813333e-04
-1.800000e-07,1.700000e-04,-1.680000e-04
-1.790000e-07,2.493333e-04,-6.586667e-04
-1.780000e-07,3.740000e-04,-8.080000e-04
-1.770000e-07,1.473333e-04,-7.013333e-04
-1.760000e-07,2.153333e-04,2.400000e-05
-1.750000e-07,-1.133333e-05,-7.866666e-04
-1.740000e-07,1.700000e-04,2.586667e-04
-1.730000e-07,-1.360000e-04,6.213333e-04
-1.720000e-07,-5.666667e-05,1.946667e-04
-1.710000e-07,1.586667e-04,-6.160000e-04
-1.700000e-07,3.060000e-04,-3.386667e-04
-1.690000e-07,3.400000e-04,-8.293333e-04
-1.680000e-07,7.933333e-05,-1.128000e-03
-1.670000e-07,1.360000e-04,-1.426667e-03
-1.660000e-07,2.833333e-04,-5.946667e-04
-1.650000e-07,-5.666667e-05,4.293333e-04
-1.640000e-07,6.800000e-05,5.786667e-04
-1.630000e-07,0.000000e+00,-1.040000e-04
-1.620000e-07,2.266667e-04,2.373333e-04
-1.610000e-07,2.266667e-05,-1.040000e-04
-1.600000e-07,4.533333e-05,-2.960000e-04
-1.590000e-07,1.700000e-04,-1.234667e-03
-1.580000e-07,1.246667e-04,-1.021333e-03
-1.570000e-07,1.360000e-04,-7.013333e-04
-1.560000e-07,2.606667e-04,-1.680000e-04
-1.550000e-07,9.066667e-05,-5.520000e-04
-1.540000e-07,-6.800000e-05,2.373333e-04
-1.530000e-07,5.666667e-05,7.066667e-04
-1.520000e-07,-6.800000e-05,1.093333e-04
-1.510000e-07,2.266667e-04,-3.600000e-04
-1.500000e-07,2.720000e-04,-4.240000e-04
-1.490000e-07,1.700000e-04,-7.226667e-04
-1.480000e-07,2.493333e-04,-6.800000e-04
-1.470000e-07,1.926667e-04,-1.085333e-03
-1.460000e-07,2.266667e-04,-7.653334e-04
-1.450000e-07,1.586667e-04,-1.680000e-04
-1.440000e-07,1.586667e-04,4.506667e-04
-1.430000e-07,-9.066667e-05,-1.253333e-04
-1.420000e-07,-1.133333e-04,-1.680000e-04
-1.410000e-07,-6.800000e-05,2.160000e-04
-1.400000e-07,1.700000e-04,-6.160000e-04
-1.390000e-07,2.493333e-04,-7.013333e-04
-1.380000e-07,4.760000e-04,-1.042667e-03
-1.370000e-07,-1.133333e-05,-6.800000e-04
-1.360000e-07,4.533333e-05,-1.680000e-04
-1.350000e-07,1.700000e-04,-1.466667e-04
-1.340000e-07,2.266667e-05,-1.680000e-04
-1.330000e-07,-3.400000e-05,3.013333e-04
-1.320000e-07,7.933333e-05,4.720000e-04
-1.310000e-07,7.933333e-05,-5.946667e-04
-1.300000e-07,1.700000e-04,-2.960000e-04
-1.290000e-07,1.926667e-04,-7.440000e-04
-1.280000e-07,1.360000e-04,-5.520000e-04
-1.270000e-07,1.020000e-04,-1.128000e-03
-1.260000e-07,1.020000e-04,-2.533333e-04
-1.250000e-07,-5.666667e-05,6.000000e-04
-1.240000e-07,-4.533333e-05,4.933333e-04
-1.230000e-07,-9.066667e-05,6.666667e-05
-1.220000e-07,1.360000e-04,-3.600000e-04
-1.210000e-07,1.926667e-04,-6.133333e-05
-1.200000e-07,3.626667e-04,-5.946667e-04
-1.190000e-07,1.586667e-04,-1.341333e-03
-1.180000e-07,1.700000e-04,-1.234667e-03
-1.170000e-07,-3.400000e-05,-1.893333e-04
-1.160000e-07,-1.133333e-05,1.093333e-04
-1.150000e-07,-5.666667e-05,8.800000e-05
-1.140000e-07,1.020000e-04,5.146667e-04
-1.130000e-07,2.266667e-05,-3.386667e-04
-1.120000e-07,1.586667e-04,-1.866667e-05
-1.110000e-07,2.720000e-04,-6.800000e-04
-1.100000e-07,2.266667e-04,-8.506667e-04
-1.090000e-07,1.360000e-04,-9.146667e-04
-1.080000e-07,1.133333e-04,-7.226667e-04
-1.070000e-07,0.000000e+00,-4.880000e-04
-1.060000e-07,-5.666667e-05,-6.133333e-05
-1.050000e-07,2.266667e-05,1.093333e-04
-1.040000e-07,1.926667e-04,2.666667e-06
-1.030000e-07,-5.666667e-05,-2.320000e-04
-1.020000e-07,3.173333e-04,-5.520000e-04
-1.010000e-07,1.133333e-04,-5.093333e-04
-1.000000e-07,2.720000e-04,-5.093333e-04
-9.900000e-08,2.493333e-04,-9.360000e-04
-9.800000e-08,4.533333e-05,-7.226667e-04
-9.700000e-08,3.400000e-05,-4.880000e-04
-9.600000e-08,4.533333e-05,-4.026667e-04
-9.500000e-08,4.533333e-05,-1.253333e-04
-9.400000e-08,2.266667e-05,3.653333e-04
-9.300000e-08,4.533333e-05,2.400000e-05
-9.200000e-08,2.606667e-04,1.093333e-04
-9.100000e-08,3.400000e-04,-4.453333e-04
-9.000000e-08,3.173333e-04,-6.133333e-05
-8.900000e-08,2.266667e-05,-7.013333e-04
-8.800000e-08,-1.133333e-05,-2.320000e-04
-8.700000e-08,2.266667e-05,-8.080000e-04
-8.600000e-08,4.533333e-05,-5.946667e-04
-8.500000e-08,-3.400000e-05,-1.893333e-04
-8.400000e-08,1.926667e-04,-1.893333e-04
-8.300000e-08,1.700000e-04,-3.173333e-04
-8.200000e-08,1.586667e-04,-1.680000e-04
-8.100000e-08,1.586667e-04,-5.093333e-04
-8.000000e-08,3.853333e-04,-1.253333e-04
-7.900000e-08,3.400000e-05,-8.080000e-04
-7.800000e-08,1.360000e-04,-3.173333e-04
-7.700000e-08,1.020000e-04,-5.733334e-04
-7.600000e-08,7.933333e-05,1.093333e-04
-7.500000e-08,1.700000e-04,-8.080000e-04
-7.400000e-08,1.133333e-04,-6.133333e-05
-7.300000e-08,1.360000e-04,-1.680000e-04
-7.200000e-08,4.533333e-04,-6.133333e-05
-7.100000e-08,3.173333e-04,-6.800000e-04
-7.000000e-08,2.266667e-04,-2.746667e-04
-6.900000e-08,9.066667e-05,-4.453333e-04
-6.800000e-08,2.266667e-04,-1.040000e-04
-6.700000e-08,1.586667e-04,-7.226667e-04
-6.600000e-08,5.666667e-05,-4.240000e-04
-6.500000e-08,5.666667e-05,-1.040000e-04
-6.400000e-08,1.020000e-04,4.720000e-04
-6.300000e-08,2.380000e-04,-1.040000e-04
-6.200000e-08,1.020000e-04,1.306667e-04
-6.100000e-08,1.020000e-04,-6.133333e-05
-6.000000e-08,1.813333e-04,1.520000e-04
-5.900000e-08,2.266667e-05,-4.240000e-04
-5.800000e-08,2.153333e-04,-5.093333e-04
-5.700000e-08,-2.266667e-05,-9.786667e-04
-5.600000e-08,2.833333e-04,-7.226667e-04
-5.500000e-08,3.173333e-04,-7.440000e-04
-5.400000e-08,2.266667e-05,-4.000000e-05
-5.300000e-08,-2.266667e-05,-1.253333e-04
-5.200000e-08,1.813333e-04,5.146667e-04
-5.100000e-08,7.933333e-05,-1.040000e-04
-5.000000e-08,1.700000e-04,4.533333e-05
-4.900000e-08,1.133333e-05,1.093333e-04
-4.800000e-08,7.933333e-05,-3.813333e-04
-4.700000e-08,5.666667e-05,-7.013333e-04
-4.600000e-08,2.946667e-04,-7.866666e-04
-4.500000e-08,-2.040000e-04,-5.946667e-04
-4.400000e-08,1.926667e-04,-4.026667e-04
-4.300000e-08,2.040000e-04,-4.026667e-04
-4.200000e-08,1.020000e-04,1.946667e-04
-4.100000e-08,5.666667e-05,6.666667e-05
-4.000000e-08,2.266667e-04,1.946667e-04
-3.900000e-08,1.246667e-04,-5.093333e-04
-3.800000e-08,1.926667e-04,-6.373333e-04
-3.700000e-08,9.066667e-05,-4.026667e-04
-3.600000e-08,1.813333e-04,-1.893333e-04
-3.500000e-08,1.133333e-04,-5.520000e-04
-3.400000e-08,4.533333e-05,-5.093333e-04
-3.300000e-08,1.020000e-04,8.800000e-05
-3.200000e-08,1.813333e-04,4.293333e-04
-3.100000e-08,6.800000e-05,-2.746667e-04
-3.000000e-08,3.060000e-04,1.306667e-04
-2.900000e-08,7.933333e-05,-7.013333e-04
-2.800000e-08,2.720000e-04,-2.960000e-04
-2.700000e-08,2.266667e-05,-6.800000e-04
-2.600000e-08,2.153333e-04,-6.133333e-05
-2.500000e-08,-1.473333e-04,-4.453333e-04
-2.400000e-08,4.533333e-05,8.800000e-05
-2.300000e-08,1.926667e-04,-4.026667e-04
-2.200000e-08,2.153333e-04,-1.680000e-04
-2.100000e-08,1.246667e-04,-1.040000e-04
-2.000000e-08,2.266667e-04,4.533333e-05
-1.900000e-08,1.926667e-04,-7.653334e-04
-1.800000e-08,1.133333e-04,-5.520000e-04
-1.700000e-08,1.926667e-04,-7.440000e-04
-1.600000e-08,1.586667e-04,-1.866667e-05
-1.500000e-08,1.133333e-04,-3.813333e-04
-1.400000e-08,1.020000e-04,2.373333e-04
-1.300000e-08,-3.400000e-05,1.093333e-04
-1.200000e-08,3.740000e-04,-1.253333e-04
-1.100000e-08,4.533333e-05,-6.133333e-05
-1.000000e-08,3.853333e-04,-7.440000e-04
-9.000000e-09,2.833333e-04,-6.160000e-04
-8.000000e-09,1.700000e-04,-6.586667e-04
-7.000000e-09,1.133333e-04,-1.405333e-03
-6.000000e-09,5.666667e-05,-2.746667e-04
-5.000000e-09,0.000000e+00,-5.733334e-04
-4.000000e-09,1.133333e-04,2.586667e-04
-3.000000e-09,-2.380000e-04,-6.133333e-05
-2.000000e-09,-3.173333e-04,-1.893333e-04
-1.000000e-09,-1.167333e-03,-3.813333e-04
4.101575e-21,-3.502000e-03,2.666667e-06
1.000000e-09,-8.239334e-03,-9.360000e-04
2.000000e-09,-1.465400e-02,-6.800000e-04
3.000000e-09,-1.760067e-02,-9.360000e-04
4.000000e-09,-1.697733e-02,-4.453333e-04
5.000000e-09,-1.466533e-02,-4.026667e-04
6.000000e-09,-1.293133e-02,8.800000e-05
7.000000e-09,-1.129933e-02,-7.013333e-04
8.000000e-09,-8.840000e-03,-1.106667e-03
9.000000e-09,-6.471333e-03,-4.669333e-03
1.000000e-08,-4.091333e-03,-6.696000e-03
1.100000e-08,-2.935333e-03,-6.461333e-03
1.200000e-08,-2.062667e-03,-6.290667e-03
1.300000e-08,-2.980667e-03,-6.248000e-03
1.400000e-08,-3.853333e-03,-5.138667e-03
1.500000e-08,-4.193333e-03,-5.650667e-03
1.600000e-08,-3.139333e-03,-5.352000e-03
1.700000e-08,-2.504667e-03,-6.077333e-03
1.800000e-08,-2.414000e-03,-6.674666e-03
1.900000e-08,-2.221333e-03,-7.421333e-03
2.000000e-08,-1.212667e-03,-6.504000e-03
2.100000e-08,-5.780000e-04,-6.098667e-03
2.200000e-08,-3.626667e-04,-4.840000e-03
2.300000e-08,-2.946667e-04,-3.624000e-03
2.400000e-08,-5.780000e-04,-2.578667e-03
2.500000e-08,-1.167333e-03,-2.962667e-03
2.600000e-08,-1.110667e-03,-3.048000e-03
2.700000e-08,-7.253333e-04,-2.664000e-03
2.800000e-08,-1.246667e-04,-2.024000e-03
2.900000e-08,4.080000e-04,-2.450667e-03
3.000000e-08,9.746667e-04,-2.728000e-03
3.100000e-08,6.800000e-04,-2.301333e-03
3.200000e-08,4.420000e-04,-1.341333e-03
3.300000e-08,-7.253333e-04,-1.640000e-03
3.400000e-08,-1.473333e-03,-9.360000e-04
3.500000e-08,-1.858667e-03,-3.600000e-04
3.600000e-08,-1.530000e-03,-2.106667e-04
3.700000e-08,-8.953334e-04,-3.386667e-04
3.800000e-08,-3.966667e-04,-5.093333e-04
3.900000e-08,2.266667e-05,-6.586667e-04
4.000000e-08,5.893334e-04,-6.800000e-04
4.100000e-08,3.626667e-04,-1.170667e-03
4.200000e-08,2.493333e-04,-4.026667e-04
4.300000e-08,-7.933333e-05,-4.026667e-04
4.400000e-08,-1.813333e-04,-1.893333e-04
4.500000e-08,-3.400000e-05,8.800000e-05
4.600000e-08,-4.193333e-04,2.400000e-05
4.700000e-08,-2.040000e-04,-1.466667e-04
4.800000e-08,2.153333e-04,-1.466667e-04
4.900000e-08,2.833333e-04,-8.080000e-04
5.000000e-08,4.873333e-04,-4.453333e-04
5.100000e-08,3.966667e-04,-5.520000e-04
5.200000e-08,3.626667e-04,-3.600000e-04
5.300000e-08,-1.700000e-04,-5.946667e-04
5.400000e-08,-9.066667e-05,-1.680000e-04
5.500000e-08,-2.266667e-04,8.800000e-05
5.600000e-08,-2.040000e-04,-4.026667e-04
5.700000e-08,9.066667e-05,2.400000e-05
5.800000e-08,2.153333e-04,-5.946667e-04
5.900000e-08,2.266667e-04,-2.960000e-04
6.000000e-08,3.286667e-04,-5.520000e-04
6.100000e-08,3.740000e-04,-6.586667e-04
6.200000e-08,3.173333e-04,-4.880000e-04
6.300000e-08,4.533333e-05,-1.466667e-04
6.400000e-08,3.400000e-05,4.506667e-04
6.500000e-08,-2.040000e-04,-4.026667e-04
6.600000e-08,-2.153333e-04,-6.133333e-05
6.700000e-08,0.000000e+00,-8.266667e-05
6.800000e-08,1.360000e-04,8.800000e-05
6.900000e-08,3.173333e-04,-4.453333e-04
7.000000e-08,4.420000e-04,-5.520000e-04
7.100000e-08,3.060000e-04,-4.240000e-04
7.200000e-08,1.020000e-04,-2.746667e-04
7.300000e-08,-5.666667e-05,-8.506667e-04
7.400000e-08,0.000000e+00,-4.880000e-04
7.500000e-08,-1.473333e-04,-1.893333e-04
7.600000e-08,0.000000e+00,-1.866667e-05
7.700000e-08,1.586667e-04,-1.866667e-05
7.800000e-08,2.040000e-04,6.666667e-05
7.900000e-08,1.926667e-04,-3.386667e-04
8.000000e-08,3.060000e-04,-6.586667e-04
8.100000e-08,1.813333e-04,-7.013333e-04
8.200000e-08,2.720000e-04,-2.746667e-04
8.300000e-08,-1.020000e-04,-6.133333e-05
8.400000e-08,-6.800000e-05,-1.040000e-04
8.500000e-08,-1.926667e-04,-9.146667e-04
8.600000e-08,7.933333e-05,1.306667e-04
8.700000e-08,2.833333e-04,2.400000e-05
8.800000e-08,1.246667e-04,3.013333e-04
8.900000e-08,3.400000e-04,-2.746667e-04
9.000000e-08,5.666667e-05,-4.880000e-04
9.100000e-08,5.666667e-05,-7.653334e-04
9.200000e-08,5.666667e-05,-7.226667e-04
9.300000e-08,-5.666667e-05,-8.720000e-04
9.400000e-08,3.400000e-05,-2.320000e-04
9.500000e-08,-7.933333e-05,-3.173333e-04
9.600000e-08,4.533333e-05,-4.000000e-05
9.700000e-08,1.020000e-04,-8.266667e-05
9.800000e-08,3.286667e-04,2.586667e-04
9.900000e-08,3.853333e-04,-2.960000e-04
1.000000e-07,2.153333e-04,-4.666667e-04
1.010000e-07,4.533333e-05,-1.256000e-03
1.020000e-07,1.360000e-04,-1.128000e-03
1.030000e-07,-2.380000e-04,-4.880000e-04
1.040000e-07,1.133333e-05,-2.106667e-04
1.050000e-07,-6.800000e-05,-4.240000e-04
1.060000e-07,1.020000e-04,1.946667e-04
1.070000e-07,1.926667e-04,3.440000e-04
1.080000e-07,3.286667e-04,2.800000e-04
1.090000e-07,1.700000e-04,-2.320000e-04
1.100000e-07,2.380000e-04,-6.800000e-04
1.110000e-07,-6.800000e-05,-1.128000e-03
1.120000e-07,5.666667e-05,-2.960000e-04
1.130000e-07,1.700000e-04,-9.786667e-04
1.140000e-07,1.700000e-04,-6.160000e-04
1.150000e-07,-1.926667e-04,8.800000e-05
1.160000e-07,5.666667e-05,6.640000e-04
1.170000e-07,0.000000e+00,-2.746667e-04
1.180000e-07,2.606667e-04,8.800000e-05
1.190000e-07,2.380000e-04,-2.960000e-04
1.200000e-07,4.080000e-04,-4.880000e-04
1.210000e-07,1.133333e-04,-1.149333e-03
1.220000e-07,0.000000e+00,-1.085333e-03
1.230000e-07,-2.720000e-04,-5.520000e-04
1.240000e-07,1.020000e-04,3.013333e-04
1.250000e-07,1.586667e-04,4.080000e-04
1.260000e-07,2.493333e-04,4.293333e-04
1.270000e-07,1.133333e-04,4.506667e-04
1.280000e-07,2.266667e-05,-6.133333e-05
1.290000e-07,1.360000e-04,-8.506667e-04
1.300000e-07,2.266667e-04,-1.256000e-03
1.310000e-07,-2.266667e-04,-1.021333e-03
1.320000e-07,-1.586667e-04,-9.146667e-04
1.330000e-07,-6.800000e-05,-6.586667e-04
1.340000e-07,-6.800000e-05,3.653333e-04
1.350000e-07,7.933333e-05,5.573333e-04
1.360000e-07,-5.666667e-05,5.360000e-04
1.370000e-07,-1.133333e-05,-1.893333e-04
1.380000e-07,2.266667e-04,-5.946667e-04
1.390000e-07,2.946667e-04,-8.080000e-04
1.400000e-07,2.040000e-04,-9.146667e-04
1.410000e-07,4.533333e-05,-1.000000e-03
1.420000e-07,2.153333e-04,-7.226667e-04
1.430000e-07,9.066667e-05,1.306667e-04
1.440000e-07,2.266667e-05,3.440000e-04
1.450000e-07,-3.400000e-05,-2.533333e-04
1.460000e-07,1.133333e-04,2.373333e-04
1.470000e-07,2.266667e-04,-3.386667e-04
1.480000e-07,2.833333e-04,-1.680000e-04
1.490000e-07,2.493333e-04,-1.405333e-03
1.500000e-07,4.533333e-05,-1.341333e-03
1.510000e-07,1.246667e-04,-1.149333e-03
1.520000e-07,2.266667e-05,-1.866667e-05
1.530000e-07,-1.586667e-04,-4.453333e-04
1.540000e-07,1.133333e-04,-6.133333e-05
1.550000e-07,-4.533333e-05,3.013333e-04
1.560000e-07,1.020000e-04,2.160000e-04
1.570000e-07,0.000000e+00,-6.586667e-04
1.580000e-07,2.493333e-04,-3.386667e-04
1.590000e-07,1.473333e-04,-1.042667e-03
1.600000e-07,9.066667e-05,-1.213333e-03
1.610000e-07,2.493333e-04,-1.021333e-03
1.620000e-07,1.586667e-04,-3.600000e-04
1.630000e-07,-1.700000e-04,-1.680000e-04
1.640000e-07,5.666667e-05,9.200000e-04
1.650000e-07,-9.066667e-05,-4.026667e-04
1.660000e-07,1.360000e-04,2.586667e-04
1.670000e-07,-3.400000e-05,-1.680000e-04
1.680000e-07,3.173333e-04,-2.533333e-04
1.690000e-07,2.720000e-04,-1.448000e-03
1.700000e-07,7.933333e-05,-1.192000e-03
1.710000e-07,-7.933333e-05,-5.520000e-04
1.720000e-07,1.133333e-05,2.666667e-06
1.730000e-07,9.066667e-05,-2.106667e-04
1.740000e-07,-1.246667e-04,5.146667e-04
1.750000e-07,2.266667e-05,6.000000e-04
1.760000e-07,4.533333e-05,4.506667e-04
1.770000e-07,2.153333e-04,-8.720000e-04
1.780000e-07,2.040000e-04,-7.440000e-04
1.790000e-07,1.586667e-04,-9.360000e-04
1.800000e-07,1.586667e-04,-4.026667e-04
1.810000e-07,7.933333e-05,-7.653334e-04
1.820000e-07,1.020000e-04,-6.586667e-04
1.830000e-07,-2.380000e-04,1.306667e-04
1.840000e-07,4.533333e-05,6.213333e-04
1.850000e-07,1.133333e-05,-2.320000e-04
1.860000e-07,2.040000e-04,-1.893333e-04
1.870000e-07,1.813333e-04,-1.298667e-03
1.880000e-07,1.926667e-04,-4.880000e-04
1.890000e-07,2.266667e-05,-1.021333e-03
1.900000e-07,1.020000e-04,-4.880000e-04
1.910000e-07,7.933333e-05,-6.160000e-04
1.920000e-07,4.533333e-05,-2.746667e-04
1.930000e-07,5.666667e-05,-1.866667e-05
1.940000e-07,1.360000e-04,1.946667e-04
1.950000e-07,6.800000e-05,3.013333e-04
1.960000e-07,2.266667e-04,1.733333e-04
1.970000e-07,2.833333e-04,-1.253333e-04
1.980000e-07,2.946667e-04,-4.240000e-04
1.990000e-07,1.586667e-04,-8.080000e-04
2.000000e-07,1.586667e-04,-2.533333e-04
2.010000e-07,-3.400000e-05,-6.586667e-04
2.020000e-07,-4.533333e-05,-1.253333e-04
2.030000e-07,-7.933333e-05,1.306667e-04
2.040000e-07,-1.813333e-04,5.573333e-04
2.050000e-07,2.266667e-04,-2.320000e-04
2.060000e-07,1.700000e-04,-3.173333e-04
2.070000e-07,1.586667e-04,-7.440000e-04
2.080000e-07,3.173333e-04,-5.946667e-04
2.090000e-07,-5.666667e-05,-4.666667e-04
2.100000e-07,-1.133333e-05,-6.160000e-04
2.110000e-07,-1.813333e-04,-4.000000e-05
2.120000e-07,-1.246667e-04,-1.893333e-04
2.130000e-07,-1.813333e-04,-5.520000e-04
2.140000e-07,2.720000e-04,6.666667e-05
2.150000e-07,1.586667e-04,-2.746667e-04
2.160000e-07,1.360000e-04,-8.266667e-05
2.170000e-07,2.266667e-04,-4.453333e-04
2.180000e-07,1.586667e-04,-3.813333e-04
2.190000e-07,-3.400000e-05,-7.440000e-04
2.200000e-07,-5.666667e-05,-3.813333e-04
2.210000e-07,1.246667e-04,-6.160000e-04
2.220000e-07,1.133333e-04,-1.893333e-04
2.230000e-07,-1.133333e-05,-1.866667e-05
2.240000e-07,1.020000e-04,1.093333e-04
2.250000e-07,5.666667e-05,-3.600000e-04
2.260000e-07,4.193333e-04,-3.813333e-04
2.270000e-07,2.266667e-05,-2.746667e-04
2.280000e-07,0.000000e+00,-4.026667e-04
2.290000e-07,1.020000e-04,-1.213333e-03
2.300000e-07,1.813333e-04,-5.093333e-04
2.310000e-07,1.020000e-04,-5.520000e-04
2.320000e-07,-1.360000e-04,-3.813333e-04
2.330000e-07,2.266667e-05,-6.373333e-04
2.340000e-07,1.360000e-04,-8.266667e-05
2.350000e-07,2.040000e-04,-1.680000e-04
2.360000e-07,1.360000e-04,3.226667e-04
2.370000e-07,1.926667e-04,-7.226667e-04
2.380000e-07,4.080000e-04,-6.586667e-04
2.390000e-07,1.473333e-04,-4.666667e-04
2.400000e-07,1.586667e-04,-6.586667e-04
2.410000e-07,-9.066667e-05,-8.293333e-04
2.420000e-07,2.380000e-04,-4.880000e-04
2.430000e-07,1.133333e-04,-4.240000e-04
2.440000e-07,2.153333e-04,-1.680000e-04
2.450000e-07,0.000000e+00,-5.733334e-04
2.460000e-07,-2.266667e-05,3.013333e-04
2.470000e-07,1.133333e-04,-2.746667e-04
2.480000e-07,1.020000e-04,-4.026667e-04
2.490000e-07,-2.266667e-05,-8.293333e-04
2.500000e-07,1.700000e-04,-2.746667e-04
2.510000e-07,-1.133333e-04,-3.386667e-04
2.520000e-07,1.133333e-04,-5.093333e-04
2.530000e-07,0.000000e+00,-1.000000e-03
2.540000e-07,1.020000e-04,1.946667e-04
2.550000e-07,2.266667e-05,-8.266667e-05
2.560000e-07,1.700000e-04,1.306667e-04
2.570000e-07,6.800000e-05,-4.880000e-04
2.580000e-07,1.586667e-04,-2.320000e-04
2.590000e-07,-3.400000e-05,-9.360000e-04
2.600000e-07,2.040000e-04,-3.600000e-04
2.610000e-07,1.360000e-04,-6.800000e-04
2.620000e-07,4.533333e-05,-8.933333e-04
2.630000e-07,-9.066667e-05,-7.226667e-04
2.640000e-07,1.926667e-04,-1.893333e-04
2.650000e-07,1.586667e-04,-6.133333e-05
2.660000e-07,1.246667e-04,3.653333e-04
2.670000e-07,2.266667e-05,1.306667e-04
2.680000e-07,1.926667e-04,1.093333e-04
2.690000e-07,1.133333e-04,-4.666667e-04
2.700000e-07,2.833333e-04,-5.520000e-04
2.710000e-07,-1.133333e-05,-8.080000e-04
2.720000e-07,2.040000e-04,-1.893333e-04
2.730000e-07,7.933333e-05,-6.586667e-04
2.740000e-07,4.533333e-05,1.733333e-04
2.750000e-07,-1.586667e-04,6.640000e-04
2.760000e-07,1.586667e-04,6.640000e-04
2.770000e-07,2.153333e-04,-2.106667e-04
2.780000e-07,1.473333e-04,-8.266667e-05
2.790000e-07,-5.666667e-05,-3.386667e-04
2.800000e-07,1.926667e-04,-8.080000e-04
2.810000e-07,0.000000e+00,-1.021333e-03
2.820000e-07,1.133333e-04,-6.586667e-04
2.830000e-07,-1.133333e-05,-1.893333e-04
2.840000e-07,-1.133333e-05,4.533333e-05
2.850000e-07,2.266667e-05,-8.266667e-05
2.860000e-07,2.493333e-04,2.160000e-04
2.870000e-07,1.473333e-04,-2.960000e-04
2.880000e-07,1.246667e-04,-5.093333e-04
2.890000e-07,2.833333e-04,-9.786667e-04
2.900000e-07,3.060000e-04,-1.405333e-03
2.910000e-07,5.666667e-05,-8.720000e-04
2.920000e-07,1.700000e-04,-3.813333e-04
2.930000e-07,-1.133333e-05,-2.746667e-04
2.940000e-07,-4.533333e-05,3.440000e-04
2.950000e-07,5.666667e-05,5.786667e-04
2.960000e-07,1.020000e-04,5.786667e-04
2.970000e-07,7.933333e-05,-6.586667e-04
2.980000e-07,2.153333e-04,-1.253333e-04
2.990000e-07,2.153333e-04,-1.042667e-03
3.000000e-07,2.493333e-04,-4.026667e-04
3.010000e-07,2.493333e-04,-7.013333e-04
3.020000e-07,-3.400000e-05,-3.386667e-04
3.030000e-07,-3.400000e-05,-2.320000e-04
3.040000e-07,3.400000e-05,6.853333e-04
3.050000e-07,-1.813333e-04,4.080000e-04
3.060000e-07,5.666667e-05,8.800000e-05
3.070000e-07,2.493333e-04,-5.520000e-04
3.080000e-07,5.213333e-04,-4.880000e-04
3.090000e-07,2.266667e-04,-8.506667e-04
3.100000e-07,1.926667e-04,-8.293333e-04
3.110000e-07,1.813333e-04,-8.293333e-04
3.120000e-07,2.380000e-04,-2.320000e-04
3.130000e-07,2.493333e-04,-4.453333e-04
3.140000e-07,7.933333e-05,1.520000e-04
3.150000e-07,-3.400000e-05,1.306667e-04
3.160000e-07,1.700000e-04,-1.866667e-05
3.170000e-07,2.266667e-04,-3.813333e-04
3.180000e-07,2.720000e-04,-4.453333e-04
3.190000e-07,1.020000e-04,-8.080000e-04
3.200000e-07,1.586667e-04,-6.373333e-04
3.210000e-07,2.833333e-04,-5.306667e-04
3.220000e-07,1.360000e-04,-1.253333e-04
3.230000e-07,-5.666667e-05,-1.040000e-04
3.240000e-07,2.266667e-05,3.013333e-04
3.250000e-07,-1.133333e-05,-7.653334e-04
3.260000e-07,1.586667e-04,-1.680000e-04
3.270000e-07,1.700000e-04,2.400000e-05
3.280000e-07,2.040000e-04,-7.013333e-04
3.290000e-07,3.173333e-04,-8.080000e-04
3.300000e-07,1.700000e-04,-6.586667e-04
3.310000e-07,4.533333e-05,-1.893333e-04
3.320000e-07,1.133333e-04,3.013333e-04
3.330000e-07,-3.400000e-05,-8.266667e-05
3.340000e-07,6.800000e-05,-2.320000e-04
3.350000e-07,1.473333e-04,8.800000e-05
3.360000e-07,4.533333e-05,-4.240000e-04
3.370000e-07,3.173333e-04,-5.093333e-04
3.380000e-07,2.266667e-04,-9.573333e-04
3.390000e-07,2.720000e-04,-8.080000e-04
3.400000e-07,9.066667e-05,-3.813333e-04
3.410000e-07,-1.020000e-04,-5.946667e-04
3.420000e-07,7.933333e-05,-1.680000e-04
3.430000e-07,1.360000e-04,-6.133333e-05
3.440000e-07,1.020000e-04,3.866667e-04
3.450000e-07,5.666667e-05,-1.466667e-04
3.460000e-07,2.266667e-04,-6.160000e-04
3.470000e-07,2.266667e-04,-5.733334e-04
3.480000e-07,2.040000e-04,-1.893333e-04
3.490000e-07,2.040000e-04,-1.256000e-03
3.500000e-07,3.173333e-04,-8.506667e-04
3.510000e-07,1.133333e-05,-7.653334e-04
3.520000e-07,5.666667e-05,2.586667e-04
3.530000e-07,-4.533333e-05,-1.893333e-04
3.540000e-07,7.933333e-05,2.400000e-05
3.550000e-07,5.666667e-05,-4.000000e-05
3.560000e-07,1.926667e-04,-8.266667e-05
3.570000e-07,9.066667e-05,-7.013333e-04
3.580000e-07,1.133333e-04,-3.813333e-04
3.590000e-07,1.133333e-05,-1.893333e-04
3.600000e-07,2.266667e-04,-7.226667e-04
3.610000e-07,1.133333e-04,-5.093333e-04
3.620000e-07,3.626667e-04,2.400000e-05
3.630000e-07,-3.400000e-05,-3.813333e-04
3.640000e-07,2.380000e-04,-1.040000e-04
3.650000e-07,5.666667e-05,-7.440000e-04
3.660000e-07,1.473333e-04,-1.680000e-04
3.670000e-07,2.266667e-04,-7.653334e-04
3.680000e-07,1.926667e-04,-2.960000e-04
3.690000e-07,-1.020000e-04,-6.586667e-04
3.700000e-07,1.586667e-04,-5.093333e-04
3.710000e-07,1.360000e-04,-6.160000e-04
3.720000e-07,4.533333e-05,1.733333e-04
3.730000e-07,2.266667e-05,-5.306667e-04
3.740000e-07,2.040000e-04,4.533333e-05
3.750000e-07,2.720000e-04,2.400000e-05
3.760000e-07,2.153333e-04,-3.386667e-04
3.770000e-07,5.666667e-05,-5.306667e-04
3.780000e-07,2.720000e-04,-3.813333e-04
3.790000e-07,1.133333e-05,-2.746667e-04
3.800000e-07,7.933333e-05,-1.253333e-04
3.810000e-07,4.533333e-05,-3.600000e-04
3.820000e-07,1.360000e-04,-3.173333e-04
3.830000e-07,0.000000e+00,-2.960000e-04
3.840000e-07,3.400000e-05,-4.026667e-04
3.850000e-07,7.933333e-05,-8.720000e-04
3.860000e-07,1.586667e-04,-2.960000e-04
3.870000e-07,6.800000e-05,-5.093333e-04
3.880000e-07,9.066667e-05,1.946667e-04
3.890000e-07,3.400000e-05,-9.360000e-04
3.900000e-07,2.833333e-04,-5.093333e-04
3.910000e-07,-6.800000e-05,-1.893333e-04
3.920000e-07,-1.246667e-04,-4.453333e-04
3.930000e-07,1.020000e-04,-4.453333e-04
3.940000e-07,2.266667e-04,-8.266667e-05
3.950000e-07,3.400000e-05,-2.320000e-04
3.960000e-07,4.533333e-05,-1.680000e-04
3.970000e-07,4.533333e-05,-7.653334e-04
3.980000e-07,1.133333e-04,8.800000e-05
3.990000e-07,2.720000e-04,-6.160000e-04
4.000000e-07,1.586667e-04,-1.893333e-04
4.010000e-07,1.360000e-04,-7.013333e-04
4.020000e-07,-1.133333e-05,-2.746667e-04
4.030000e-07,2.266667e-05,-3.386667e-04
4.040000e-07,1.133333e-04,5.786667e-04
4.050000e-07,-9.066667e-05,-5.306667e-04
4.060000e-07,5.666667e-05,-1.866667e-05
4.070000e-07,1.133333e-04,2.400000e-05
4.080000e-07,1.926667e-04,-4.026667e-04
4.090000e-07,2.606667e-04,-1.021333e-03
4.100000e-07,-1.133333e-05,-7.226667e-04
4.110000e-07,1.586667e-04,-5.946667e-04
4.120000e-07,2.266667e-04,1.306667e-04
4.130000e-07,0.000000e+00,4.533333e-05
4.140000e-07,-3.400000e-05,-1.866667e-05
4.150000e-07,3.400000e-05,1.946667e-04
4.160000e-07,1.020000e-04,2.400000e-05
4.170000e-07,1.926667e-04,-2.960000e-04
4.180000e-07,1.926667e-04,-3.813333e-04
4.190000e-07,4.533333e-05,-1.128000e-03
4.200000e-07,2.606667e-04,-1.866667e-05
4.210000e-07,-9.066667e-05,-8.933333e-04
4.220000e-07,2.040000e-04,1.520000e-04
4.230000e-07,0.000000e+00,4.720000e-04
4.240000e-07,-1.133333e-05,5.146667e-04
4.250000e-07,-3.400000e-05,-6.133333e-05
4.260000e-07,2.153333e-04,-8.266667e-05
4.270000e-07,7.933333e-05,-5.520000e-04
4.280000e-07,2.153333e-04,-6.160000e-04
4.290000e-07,1.813333e-04,-1.469333e-03
4.300000e-07,2.833333e-04,-1.893333e-04
4.310000e-07,-1.360000e-04,-5.093333e-04
4.320000e-07,-3.400000e-05,1.306667e-04
4.330000e-07,-2.266667e-05,-1.866667e-05
4.340000e-07,7.933333e-05,1.733333e-04
4.350000e-07,2.266667e-05,3.440000e-04
4.360000e-07,3.060000e-04,1.946667e-04
4.370000e-07,2.606667e-04,-8.720000e-04
4.380000e-07,1.813333e-04,-5.520000e-04
4.390000e-07,1.926667e-04,-1.128000e-03
4.400000e-07,5.666667e-05,-4.240000e-04
4.410000e-07,-7.933333e-05,-1.466667e-04
4.420000e-07,2.266667e-05,2.586667e-04
4.430000e-07,7.933333e-05,8.800000e-05
4.440000e-07,-6.800000e-05,4.720000e-04
4.450000e-07,7.933333e-05,-8.266667e-05
4.460000e-07,-7.933333e-05,-8.266667e-05
4.470000e-07,2.380000e-04,-7.013333e-04
4.480000e-07,4.646667e-04,-8.080000e-04
4.490000e-07,1.926667e-04,-1.085333e-03
4.500000e-07,1.700000e-04,-7.866666e-04
4.510000e-07,-1.133333e-05,-4.453333e-04
4.520000e-07,2.266667e-05,5.360000e-04
4.530000e-07,2.266667e-05,-1.680000e-04
4.540000e-07,1.926667e-04,6.666667e-05
4.550000e-07,1.926667e-04,-5.733334e-04
4.560000e-07,2.493333e-04,1.520000e-04
4.570000e-07,2.040000e-04,-6.586667e-04
4.580000e-07,3.400000e-04,-9.360000e-04
4.590000e-07,1.133333e-04,-1.042667e-03
4.600000e-07,7.933333e-05,1.520000e-04
4.610000e-07,-1.360000e-04,-5.946667e-04
4.620000e-07,1.133333e-05,2.666667e-06
4.630000e-07,-1.133333e-05,5.146667e-04
4.640000e-07,5.666667e-05,5.146667e-04
4.650000e-07,1.926667e-04,-2.106667e-04
4.660000e-07,4.193333e-04,-5.306667e-04
4.670000e-07,1.586667e-04,-8.933333e-04
4.680000e-07,3.286667e-04,-5.946667e-04
4.690000e-07,2.040000e-04,-1.170667e-03
4.700000e-07,7.933333e-05,-2.533333e-04
4.710000e-07,-1.246667e-04,4.080000e-04
4.720000e-07,-1.813333e-04,5.786667e-04
4.730000e-07,-3.400000e-05,6.666667e-05
4.740000e-07,7.933333e-05,2.666667e-06
4.750000e-07,2.040000e-04,-2.960000e-04
4.760000e-07,2.946667e-04,-1.680000e-04
4.770000e-07,2.493333e-04,-1.085333e-03
4.780000e-07,1.700000e-04,-8.080000e-04
4.790000e-07,6.800000e-05,-8.293333e-04
4.800000e-07,2.266667e-05,2.666667e-06
4.810000e-07,5.666667e-05,-1.893333e-04
4.820000e-07,-1.133333e-04,3.440000e-04
4.830000e-07,0.000000e+00,1.520000e-04
4.840000e-07,2.266667e-05,-1.253333e-04
4.850000e-07,1.360000e-04,-5.946667e-04
4.860000e-07,3.286667e-04,-6.800000e-04
4.870000e-07,3.286667e-04,-5.306667e-04
4.880000e-07,1.700000e-04,-5.093333e-04
4.890000e-07,2.153333e-04,-1.021333e-03
4.900000e-07,2.266667e-05,-1.253333e-04
4.910000e-07,-2.266667e-05,1.093333e-04
4.920000e-07,-3.400000e-05,1.946667e-04
4.930000e-07,1.926667e-04,-2.320000e-04
4.940000e-07,1.473333e-04,-8.266667e-05
4.950000e-07,-3.400000e-05,-8.506667e-04
4.960000e-07,4.760000e-04,-6.160000e-04
4.970000e-07,3.853333e-04,-7.013333e-04
4.980000e-07,-1.133333e-05,-8.720000e-04
4.990000e-07,4.533333e-05,-9.146667e-04
5.000000e-07,1.813333e-04,-5.946667e-04
5.010000e-07,1.473333e-04,-3.386667e-04
5.020000e-07,2.266667e-05,1.306667e-04
5.030000e-07,5.666667e-05,-3.600000e-04
5.040000e-07,1.020000e-04,2.373333e-04
5.050000e-07,2.266667e-04,-2.320000e-04
5.060000e-07,3.626667e-04,-2.320000e-04
5.070000e-07,1.926667e-04,-6.800000e-04
